{
    "Genwithlabel": {
        "ssim": 0.8591127103661814,
        "mse": 0.012526811785498535,
        "fid": 2.4119390535928966,
        "score": 29.275927968488208
    }
}