{
    "VAEwolabel": {
        "ssim": 0.8504231229496682,
        "mse": 0.013352158863545396,
        "score": 10
    }
}